List,Card,Description,Labels,Members,Estimate
Done,T01 · Set up the Angular project,"US65 — Navegación por la aplicación. Create the Angular project and add Angular Material, ngx-translate and json-server, with the environment files and endpoint paths.",Shared & Navigation,"Navarro Aldoradin, Carolina Celeste",2 h
Done,T02 · Prepare the fake API data,"US65 — Navegación por la aplicación. Load db.json with the Fesa recuperation case, the /api/v1 routes and the fake API launcher script.",Shared & Navigation,"Navarro Aldoradin, Carolina Celeste",3 h
Done,T03 · Customize the Material theme,US65 — Navegación por la aplicación. Apply the Azure/Blue Material theme and the shared spacing class.,Shared & Navigation,"Navarro Aldoradin, Carolina Celeste",1 h
Done,"T04 · Add Home, About and PageNotFound views","US65 — Navegación por la aplicación. Create the shared views, including the way back home from an unknown route.",Shared & Navigation,"Navarro Aldoradin, Carolina Celeste",2 h
Done,T05 · Add bounded context list views and routes,"US65 — Navegación por la aplicación. Create the list views for traceability, equipment and process monitoring and register their lazy-loaded routes with page titles.",Shared & Navigation,"Navarro Aldoradin, Carolina Celeste",3 h
Done,T06 · Add the Layout component,US65 — Navegación por la aplicación. Build the toolbar with the navigation options and show the Layout in the App shell; update the App test with the router.,Shared & Navigation,"Navarro Aldoradin, Carolina Celeste",2 h
Done,T07 · Add English and Spanish translations,US66 — Cambio de idioma de la aplicación. Create en.json and es.json with the shared keys.,Shared & Navigation,"Navarro Aldoradin, Carolina Celeste",2 h
Done,T08 · Provide TranslateService,"US66 — Cambio de idioma de la aplicación. Register the supported languages, Spanish as default and English as fallback.",Shared & Navigation,"Navarro Aldoradin, Carolina Celeste",1 h
Done,T09 · Add LanguageSwitcher and FooterContent,US66 — Cambio de idioma de la aplicación. Create both components and wire them into the Layout.,Shared & Navigation,"Navarro Aldoradin, Carolina Celeste",2 h
Done,T10 · Translate the existing views,"US66 — Cambio de idioma de la aplicación. Translate Home, About, PageNotFound and the bounded context list views; update the App test.",Shared & Navigation,"Navarro Aldoradin, Carolina Celeste",2 h
Done,T11 · Add the shared base classes,"US13 — Registro de cliente. Create BaseEntity, BaseResponse, BaseAssembler, ErrorHandlingEnabledBaseType, BaseApiEndpoint, BaseApi and BaseForm.",Traceability,"Navarro Aldoradin, Carolina Celeste",4 h
Done,T12 · Add the Customer entity and infrastructure,"US13 — Registro de cliente. Create the Customer entity, the customers response, CustomerAssembler, CustomersApiEndpoint and TraceabilityApi.",Traceability,"Navarro Aldoradin, Carolina Celeste",3 h
Done,T13 · Add TraceabilityStore for customers,"US13 — Registro de cliente. Keep the customers state with signals and expose create, update and delete.",Traceability,"Navarro Aldoradin, Carolina Celeste",2 h
Done,T14 · Add customer translations,US13 — Registro de cliente. Add the English and Spanish keys for customers.,Traceability,"Navarro Aldoradin, Carolina Celeste",1 h
Done,T15 · Add CustomerList and CustomerForm views,US13 — Registro de cliente. List customers with edit and delete actions and add the form with create and edit modes and its routes.,Traceability,"Navarro Aldoradin, Carolina Celeste",3 h
Done,T16 · Add the RecoveredComponent entity and infrastructure,"US14 — Registro de componente recibido. Create the entity, the components response, ComponentAssembler and ComponentsApiEndpoint, and add them to TraceabilityApi.",Traceability,"Navarro Aldoradin, Carolina Celeste",3 h
Done,T17 · Add components to TraceabilityStore,US14 — Registro de componente recibido. Keep the components state and its operations.,Traceability,"Navarro Aldoradin, Carolina Celeste",2 h
Done,T18 · Add component translations,US14 — Registro de componente recibido. Add the English and Spanish keys for components.,Traceability,"Navarro Aldoradin, Carolina Celeste",1 h
Done,T19 · Add ComponentList and ComponentForm views,US14 — Registro de componente recibido. List components and add the form with create and edit modes and its routes.,Traceability,"Navarro Aldoradin, Carolina Celeste",3 h
Done,T20 · Add the Recuperation entity and infrastructure,"US15 — Registro de orden de recuperación. Create the entity, the recuperations response, RecuperationAssembler and RecuperationsApiEndpoint, and add them to TraceabilityApi.",Traceability,"Navarro Aldoradin, Carolina Celeste",3 h
Done,T21 · Add recuperations to TraceabilityStore,US15 — Registro de orden de recuperación. Keep the recuperation orders state and its operations.,Traceability,"Navarro Aldoradin, Carolina Celeste",2 h
Done,T22 · Add recuperation translations,US15 — Registro de orden de recuperación. Add the English and Spanish keys for recuperation orders.,Traceability,"Navarro Aldoradin, Carolina Celeste",1 h
Done,T23 · Add RecuperationList and RecuperationForm views,US15 — Registro de orden de recuperación. List recuperation orders with OF and WO and add the form with create and edit modes and its routes.,Traceability,"Navarro Aldoradin, Carolina Celeste",3 h
Done,T24 · Add the HvofSystem and Controller entities,US07 — Registro de sistema HVOF y sus controladores. Create both entities.,Equipment,"Navarro Aldoradin, Carolina Celeste",2 h
Done,T25 · Add HVOF system and controller infrastructure,"US07 — Registro de sistema HVOF y sus controladores. Create the responses, assemblers, endpoints and EquipmentApi.",Equipment,"Navarro Aldoradin, Carolina Celeste",3 h
Done,T26 · Add EquipmentStore for systems and controllers,US07 — Registro de sistema HVOF y sus controladores. Keep the HVOF systems and controllers state.,Equipment,"Navarro Aldoradin, Carolina Celeste",2 h
Done,T27 · Add HVOF system and controller translations,US07 — Registro de sistema HVOF y sus controladores. Add the English and Spanish keys.,Equipment,"Navarro Aldoradin, Carolina Celeste",1 h
Done,"T28 · Add HvofSystemList, HvofSystemForm and ControllerForm views",US07 — Registro de sistema HVOF y sus controladores. List systems with their status and add the system form and the controller form.,Equipment,"Navarro Aldoradin, Carolina Celeste",4 h
Done,T29 · Add HvofSystemDetail with the controllers tab,US07 — Registro de sistema HVOF y sus controladores. Show the system detail with its controllers and register the routes.,Equipment,"Navarro Aldoradin, Carolina Celeste",2 h
Done,T30 · Add the HvofSubsystem and HvofPart entities and infrastructure,"US08 · US53 — Registro de subsistemas del sistema HVOF · Registro de partes de un subsistema. Create the entities, responses, assemblers and endpoints and add them to EquipmentApi.",Equipment,"Navarro Aldoradin, Carolina Celeste",3 h
Done,T31 · Add subsystems and parts to EquipmentStore,US08 · US53 — Registro de subsistemas del sistema HVOF · Registro de partes de un subsistema. Keep the subsystems and parts state.,Equipment,"Navarro Aldoradin, Carolina Celeste",2 h
Done,T32 · Add subsystem and part translations,US08 · US53 — Registro de subsistemas del sistema HVOF · Registro de partes de un subsistema. Add the English and Spanish keys.,Equipment,"Navarro Aldoradin, Carolina Celeste",1 h
Done,T33 · Add HvofSubsystemForm and HvofPartForm views,US08 · US53 — Registro de subsistemas del sistema HVOF · Registro de partes de un subsistema. Create both forms and their routes.,Equipment,"Navarro Aldoradin, Carolina Celeste",3 h
Done,T34 · Add the subsystems tab to HvofSystemDetail,US08 · US53 — Registro de subsistemas del sistema HVOF · Registro de partes de un subsistema. Show the subsystems and their parts in the system detail.,Equipment,"Navarro Aldoradin, Carolina Celeste",2 h
Done,T35 · Add the Recipe entity and infrastructure,"US54 — Definición de recetas con bandas de umbral y componentes aplicables. Create the entity with parameter bands and applicabilities, its response, assembler, endpoint and API methods.",Equipment,"Navarro Aldoradin, Carolina Celeste",3 h
Done,T36 · Add recipes to EquipmentStore and translations,US54 — Definición de recetas con bandas de umbral y componentes aplicables. Keep the recipes state and add the English and Spanish keys.,Equipment,"Navarro Aldoradin, Carolina Celeste",2 h
Done,T37 · Add the threshold order validator,"US54 — Definición de recetas con bandas de umbral y componentes aplicables. Validate that shutdown, warning and nominal limits are ordered.",Equipment,"Navarro Aldoradin, Carolina Celeste",2 h
Done,T38 · Add the RecipeForm view,"US54 — Definición de recetas con bandas de umbral y componentes aplicables. Edit applicabilities and parameter bands, with its routes.",Equipment,"Navarro Aldoradin, Carolina Celeste",4 h
Done,T39 · Add the recipes tab to HvofSystemDetail,US54 — Definición de recetas con bandas de umbral y componentes aplicables. Show the recipes of the system.,Equipment,"Navarro Aldoradin, Carolina Celeste",1 h
Done,T40 · Add the SpraySession entity and infrastructure,"US19 — Inicio de sesión de rociado. Create the entity, the response, assembler, endpoint and ProcessMonitoringApi.",Process Monitoring,"Navarro Aldoradin, Carolina Celeste",3 h
Done,T41 · Add ProcessMonitoringStore for sessions,US19 — Inicio de sesión de rociado. Keep the spray sessions state.,Process Monitoring,"Navarro Aldoradin, Carolina Celeste",2 h
Done,T42 · Add spray session translations,US19 — Inicio de sesión de rociado. Add the English and Spanish keys.,Process Monitoring,"Navarro Aldoradin, Carolina Celeste",1 h
Done,T43 · Add SpraySessionList and SpraySessionStart views,"US19 — Inicio de sesión de rociado. List sessions and start a session selecting the HVOF system, the recuperation order and the recipe, with its routes.",Process Monitoring,"Navarro Aldoradin, Carolina Celeste",4 h
Done,T44 · Add the ProcessReading entity and band classifier,"US22 · US21 — Visualización de lecturas en vivo · Clasificación de lecturas por banda de umbral. Classify each reading as nominal, out of nominal, warning or shutdown against the recipe.",Process Monitoring,"Navarro Aldoradin, Carolina Celeste",3 h
Done,T45 · Add process readings infrastructure,"US22 · US21 — Visualización de lecturas en vivo · Clasificación de lecturas por banda de umbral. Create the response, assembler, endpoint and API methods.",Process Monitoring,"Navarro Aldoradin, Carolina Celeste",2 h
Done,T46 · Add readings polling and band counts to the store,US22 · US21 — Visualización de lecturas en vivo · Clasificación de lecturas por banda de umbral. Refresh the readings periodically and count them by band.,Process Monitoring,"Navarro Aldoradin, Carolina Celeste",3 h
Done,T47 · Add ParameterCard and SpraySessionDetail,"US22 · US21 — Visualización de lecturas en vivo · Clasificación de lecturas por banda de umbral. Show the live parameter cards, the band summary and the last update, with the session detail route and translations.",Process Monitoring,"Navarro Aldoradin, Carolina Celeste",4 h
Done,T48 · Add completeSession and abortSession to the store,US23 — Finalización o aborto de sesión. Close the session as completed or aborted with its end time.,Process Monitoring,"Navarro Aldoradin, Carolina Celeste",2 h
Done,T49 · Add the AbortSessionDialog component,US23 — Finalización o aborto de sesión. Ask for the abort reason before closing the session.,Process Monitoring,"Navarro Aldoradin, Carolina Celeste",2 h
Done,T50 · Add complete and abort actions to SpraySessionDetail,US23 — Finalización o aborto de sesión. Add the actions and the finish session translations.,Process Monitoring,"Navarro Aldoradin, Carolina Celeste",2 h
Done,T51 · Test the session flow against db.json,"US23 — Finalización o aborto de sesión. Run the start, monitor and finish flow on the fake API data.",Process Monitoring,"Navarro Aldoradin, Carolina Celeste",1 h
Done,T52 · Add the per-session deviation count,US24 — Historial de sesiones por sistema HVOF. Count the readings outside the nominal band for each session.,Process Monitoring,"Navarro Aldoradin, Carolina Celeste",2 h
Done,T53 · Add filters to SpraySessionList,"US24 — Historial de sesiones por sistema HVOF. Filter sessions by HVOF system, recuperation order and date range and show the deviation count.",Process Monitoring,"Navarro Aldoradin, Carolina Celeste",3 h
Done,"T54 · Add the Organization, User and Role entities",US01 — Registro de organización. Create the IAM entities and the SignUpCommand.,IAM,"Navarro Aldoradin, Carolina Celeste",2 h
Done,T55 · Add the sign-up port with real and fake adapters,"US01 — Registro de organización. Create the request, response, assembler, SignUpApiEndpoint and FakeSignUpApiEndpoint, and provide the port in IamApi.",IAM,"Navarro Aldoradin, Carolina Celeste",4 h
Done,T56 · Add IamStore for sign-up and IAM translations,US01 — Registro de organización. Keep the sign-up state and add the English and Spanish keys.,IAM,"Navarro Aldoradin, Carolina Celeste",2 h
Done,T57 · Add the SignUpForm view and IAM routes,US01 — Registro de organización. Register the organization with its type and administrator.,IAM,"Navarro Aldoradin, Carolina Celeste",3 h
Done,T58 · Add the sign-in port with real and fake adapters,"US02 · US67 — Inicio de sesión · Gestión de la sesión del usuario. Create the SignInCommand, request, response, assembler, SignInApiEndpoint and FakeSignInApiEndpoint.",IAM,"Navarro Aldoradin, Carolina Celeste",3 h
Done,"T59 · Add session state, signIn and signOut to IamStore",US02 · US67 — Inicio de sesión · Gestión de la sesión del usuario. Persist the session and token and clear them on sign-out.,IAM,"Navarro Aldoradin, Carolina Celeste",3 h
Done,T60 · Add the SignInForm view and protect the routes,"US02 · US67 — Inicio de sesión · Gestión de la sesión del usuario. Add the sign-in route, the guards and the iamInterceptor.",IAM,"Navarro Aldoradin, Carolina Celeste",3 h
Done,T61 · Add the AuthenticationSection component,US02 · US67 — Inicio de sesión · Gestión de la sesión del usuario. Show the user menu with the sign-out option and filter the toolbar by session and organization type.,IAM,"Navarro Aldoradin, Carolina Celeste",2 h
Done,T62 · Filter data by organization,"US02 · US67 — Inicio de sesión · Gestión de la sesión del usuario. Inject IamStore in the other stores, filter by organization id and fix the circular dependency.",IAM,"Navarro Aldoradin, Carolina Celeste",3 h
Done,T63 · Add users and roles to IamApi and IamStore,"US03 · US04 — Asignación de roles · Restricción de acceso por rol. Add the endpoints, state and translations; add the operations supervisor and procurement analyst roles to the fake API.",IAM,"Navarro Aldoradin, Carolina Celeste",3 h
Done,T64 · Add UserList and UserRoleForm views,US03 · US04 — Asignación de roles · Restricción de acceso por rol. List the organization users and edit their roles.,IAM,"Navarro Aldoradin, Carolina Celeste",3 h
Done,T65 · Add role guards,US03 · US04 — Asignación de roles · Restricción de acceso por rol. Guard the user routes and restrict equipment and session actions by role.,IAM,"Navarro Aldoradin, Carolina Celeste",2 h
Done,T66 · Add the Plan and Subscription entities and BillingApi,"US05 · US06 — Selección de plan · Consulta y vigencia de suscripción. Create the entities, responses, assemblers and endpoints.",Billing,"Navarro Aldoradin, Carolina Celeste",3 h
Done,T67 · Add BillingStore and billing translations,US05 · US06 — Selección de plan · Consulta y vigencia de suscripción. Keep plans and subscription state and add the English and Spanish keys.,Billing,"Navarro Aldoradin, Carolina Celeste",2 h
Done,T68 · Add PlanSelection and SubscriptionDetail views,"US05 · US06 — Selección de plan · Consulta y vigencia de suscripción. Select the plan for the organization type and show the subscription status, with routes and toolbar option.",Billing,"Navarro Aldoradin, Carolina Celeste",3 h
Done,T69 · Release 1.0.0,"— — Release y despliegue (1.0.0 · 1.0.1). Close the release branch, update CHANGELOG and tag 1.0.0.",Shared & Navigation,"Navarro Aldoradin, Carolina Celeste",1 h
Done,T70 · Create and deploy the mock API project,— — Release y despliegue (1.0.0 · 1.0.1). Create reliant-platform-mock and deploy it to Azure App Service with GitHub Actions.,Shared & Navigation,"Navarro Aldoradin, Carolina Celeste",3 h
Done,T71 · Point production at the deployed mock API,— — Release y despliegue (1.0.0 · 1.0.1). Update the production environment and keep the fake IAM adapters; release 1.0.1.,Shared & Navigation,"Navarro Aldoradin, Carolina Celeste",1 h
Done,T72 · Deploy the web application to Azure App Service,"— — Release y despliegue (1.0.0 · 1.0.1). Create the Web App, connect GitHub Actions and set the pm2 startup command.",Shared & Navigation,"Navarro Aldoradin, Carolina Celeste",3 h
To-do,T73 · Design the Landing Page wireframes,US44 · US45 · US46 — Propuesta de valor e información por segmento (Landing Page). Update the desktop and mobile wireframes of the Landing Page.,Landing Page Design,"Rivera Aguilar, Scarlet Josefina",3 h
To-do,T74 · Design the Landing Page mock-ups,US44 · US45 · US46 — Propuesta de valor e información por segmento (Landing Page). Update the desktop and mobile mock-ups following the style guidelines.,Landing Page Design,"Rivera Aguilar, Scarlet Josefina",4 h
To-do,T75 · Externalize the Landing Page texts,US48 — Cambio de idioma (Landing Page). Move the Landing Page texts to English and Spanish resources.,Landing Page i18n,"Fernandez Seer, Mario Alonso",3 h
To-do,T76 · Add the Landing Page language switcher,US48 — Cambio de idioma (Landing Page). Switch the content between English and Spanish.,Landing Page i18n,"Fernandez Seer, Mario Alonso",2 h
